name,latitude,longitude,weight
2023_06_03T22_46_51.857404Z.gpx,47.711458799999996,-122.15373899999999,1
2023_10_15T16_28_56.922347.gpx,30.4865513,-91.2510585,1
2023_05_24T00_03_55.713930Z.gpx,47.915664899999996,-122.20853419999999,1
2023_03_23T14_21_59.444778Z.gpx,47.7969185,-122.2181148,1
2023_10_15T08_27_35.687770.gpx,24.636143099999998,120.8177803,1
2023_07_08T19_37_35.580535Z.gpx,47.4629848,-122.2660631,1
2023_05_18T23_01_07.275469Z.gpx,47.6738832,-122.0900994,1
2023_03_25T02_03_04.052634Z.gpx,47.9395276,-122.28240059999999,1
2023_10_15T17_30_31.489842.gpx,24.6891554,120.8656886,1
2023_06_07T15_35_52.377035Z.gpx,47.692887299999995,-122.0930731,1
2023_04_27T22_18_16.224480Z.gpx,47.915406999999995,-122.2086021,1
2023_03_24T21_36_31.815404Z.gpx,47.9370324,-122.2680596,1
2023_10_15T20_31_57.628460.gpx,24.9757467,121.5336792,1
2023_10_15T16_13_46.704135.gpx,30.5543707,-91.5444946,1
2023_05_16T00_06_37.200234Z.gpx,47.940099,-122.2823744,1
2023_06_15T21_27_06.499093Z.gpx,47.939090199999995,-122.2814006,1
2023_10_15T14_56_34.237778.gpx,31.120598299999997,-92.4424726,1
2023_03_31T13_47_03.224506Z.gpx,47.711431999999995,-122.15567999999999,1
2023_04_24T22_26_04.593494Z.gpx,47.7662913,-122.1882613,1
2023_10_15T16_22_58.455182.gpx,24.934753699999998,121.3702684,1
2023_05_08T13_36_38.177410Z.gpx,47.7836188,-122.1946219,1
2023_05_07T22_38_03.260475Z.gpx,47.6427595,-122.27114449999999,1
2023_05_26T13_39_14.572909Z.gpx,47.775365099999995,-122.1907531,1
2023_07_17T23_12_05.424149Z.gpx,47.940457699999996,-122.26261509999999,1
2023_07_25T16_20_12.934271Z.gpx,47.5328491,-121.95781699999999,1
2023_10_15T16_35_49.934904Z.gpx,41.56316555488196,-72.91703343722382,1
2023_07_24T13_53_59.469832Z.gpx,47.693968899999994,-122.0991085,1
2023_05_16T19_50_57.300306Z.gpx,47.4493947,-122.29992159999999,1
2023_05_20T17_17_35.523370Z.gpx,47.8607916,-122.2488503,1
2023_04_20T20_33_41.577125Z.gpx,47.6301663,-122.16519079999999,1
2023_10_15T15_11_34.505657.gpx,30.9204992,-92.2491388,1
2023_05_27T19_45_31.795273Z.gpx,47.6734721,-122.10596969999999,1
2023_07_04T22_58_01.163251Z.gpx,47.4643745,-122.2719894,1
2023_06_02T23_25_40.203179Z.gpx,47.7775538,-122.1921029,1
2023_04_05T00_06_59.682213Z.gpx,47.7571389,-122.18484489999999,1
2023_03_26T02_10_21.818048Z.gpx,47.6295429,-122.15598689999999,1
2023_10_15T18_15_23.263194Z.gpx,38.78533828878967,-121.36424729689553,1
2023_05_09T22_22_37.304667Z.gpx,47.7296085,-122.1890895,1
2023_10_15T19_22_02.080133.gpx,40.296225899999996,-111.694537,1
2023_10_15T15_28_24.080206.gpx,24.9866897,121.49104919999999,1
2023_06_20T22_19_25.313288Z.gpx,47.7868766,-122.19937909999999,1
2023_04_05T14_33_23.698572Z.gpx,47.693925799999995,-122.09905529999999,1
2023_06_01T14_56_10.516357Z.gpx,47.690629799999996,-122.1812113,1
2023_10_15T08_38_20.804407.gpx,24.683563,120.8790183,1
2023_06_24T03_47_11.516661Z.gpx,47.6220491,-122.17793739999999,1
2023_05_25T13_30_35.322570Z.gpx,47.7058788,-122.13185259999999,1
2023_05_31T13_01_09.356175Z.gpx,47.693971399999995,-122.0991143,1
2023_05_12T13_52_59.605044Z.gpx,47.7112426,-122.13212349999999,1
2023_10_15T15_36_34.564664Z.gpx,23.0543342,120.2719972,1
2023_07_25T03_05_29.668778Z.gpx,47.443940399999995,-122.29756379999999,1
2023_10_15T15_31_25.734560.gpx,24.975299099999997,121.4596277,1
2023_07_13T12_30_24.788228Z.gpx,47.444088,-122.2980455,1
2023_05_05T13_44_14.992737Z.gpx,47.7089278,-122.17559969999999,1
2023_04_04T23_45_55.896089Z.gpx,47.9390376,-122.28227109999999,1
2023_06_29T00_46_04.430102Z.gpx,47.7112968,-122.15316639999999,1
2023_10_15T19_32_19.568846Z.gpx,38.76839001342896,-121.26580996323888,1
2023_10_15T14_45_33.700782.gpx,22.6551923,120.3095268,1
2023_07_07T00_25_57.961832Z.gpx,47.7824233,-122.19515519999999,1
2023_06_20T13_32_03.637023Z.gpx,47.694047,-122.0990877,1
2023_03_27T13_44_58.208267Z.gpx,47.777470099999995,-122.1916964,1
2023_07_07T00_35_57.949542Z.gpx,47.7114202,-122.1645855,1
2023_05_09T22_32_43.113450Z.gpx,47.7155899,-122.0905659,1
2023_05_02T23_41_11.025424Z.gpx,47.7226899,-122.2084979,1
2023_05_19T22_05_45.354101Z.gpx,47.938912699999996,-122.2811354,1
2023_07_25T00_17_34.485212Z.gpx,47.711113499999996,-122.1335208,1
2023_06_20T21_58_47.654625Z.gpx,47.939453199999996,-122.28185119999999,1
2023_10_15T16_24_49.026206.gpx,24.9354807,121.3680911,1
2023_10_15T20_18_01.891910Z.gpx,40.37315803240189,-74.31770245080216,1
2023_05_30T21_34_06.130658Z.gpx,47.9395524,-122.2726819,1
2023_10_15T17_29_05.500851Z.gpx,38.86843286042118,-121.30582755056396,1
2023_10_15T13_35_54.779337Z.gpx,29.551638452768216,-81.86207060642839,1
2023_10_15T00_12_58.414692Z.gpx,38.80186901163306,-121.20424814090758,1
2023_06_07T20_21_43.869520Z.gpx,47.742900899999995,-122.1873478,1
2023_10_15T15_01_34.313826.gpx,31.0361074,-92.4136175,1
2023_10_15T11_59_19.766262.gpx,24.731915299999997,120.9171112,1
2023_10_15T00_36_56.295699Z.gpx,38.84705774086799,-121.24770262448116,1
2023_06_08T21_48_22.445494Z.gpx,47.7787017,-122.19281439999999,1
2023_10_15T16_31_30.312286.gpx,30.4500723,-91.2449353,1
2023_10_15T20_03_11.747535.gpx,25.032500499999998,121.2433564,1
2023_10_15T15_04_04.325014.gpx,31.0119324,-92.3697301,1
2023_06_20T13_43_43.788329Z.gpx,47.7112042,-122.13223819999999,1
2023_03_22T22_03_46.476584Z.gpx,47.939591899999996,-122.27297379999999,1
2023_10_15T19_35_23.536701.gpx,25.035733399999998,121.44232059999999,1
2023_06_14T14_18_17.315302Z.gpx,47.7438267,-122.1868243,1
2023_05_23T13_28_42.198187Z.gpx,47.7112973,-122.1403364,1
2023_10_15T08_02_35.376718.gpx,24.3151947,120.6193314,1
2023_05_10T13_34_03.309391Z.gpx,47.850276199999996,-122.2570944,1
2023_03_27T13_23_03.937076Z.gpx,47.693983499999995,-122.0991495,1
2023_07_03T13_08_37.744143Z.gpx,47.702999299999995,-122.0937505,1
2023_03_30T11_50_02.195473Z.gpx,47.443671599999995,-122.30175469999999,1
2023_10_15T16_34_04.137892.gpx,30.4416482,-91.22075009999999,1
2023_05_20T17_57_35.172432Z.gpx,48.4125088,-122.33138009999999,1
2023_05_02T22_13_16.337433Z.gpx,47.8602062,-122.24991879999999,1
2023_04_03T14_12_59.624428Z.gpx,47.7115416,-122.15990079999999,1
2023_05_25T22_13_16.319420Z.gpx,47.939333,-122.2819887,1
2023_10_15T17_57_31.446446Z.gpx,38.87371148067254,-121.3027718854284,1
2023_10_15T17_01_10.212286.gpx,30.1550968,-90.816695,1
2023_04_26T23_10_30.370462Z.gpx,47.833871099999996,-122.26232979999999,1
2023_06_20T22_09_25.320479Z.gpx,47.8976056,-122.2160627,1
2023_10_15T20_08_43.074159Z.gpx,23.1321232,120.2372197,1
2023_06_15T21_57_42.794072Z.gpx,47.651383499999994,-122.18729959999999,1
2023_04_01T03_08_03.767264Z.gpx,47.6629947,-122.0273481,1
2023_04_18T13_34_55.844182Z.gpx,47.711301399999996,-122.13950249999999,1
2023_04_26T15_18_10.748140Z.gpx,47.7024385,-122.09359359999999,1
2023_10_15T14_55_18.939090.gpx,22.639833,120.3278241,1
2023_10_15T17_11_40.011717.gpx,30.1145921,-90.5848535,1
2023_06_08T22_47_09.984761Z.gpx,47.6671227,-122.11385329999999,1
2023_05_27T20_06_29.762861Z.gpx,47.611578599999994,-122.3379638,1
2023_07_22T22_56_11.932121Z.gpx,47.6931675,-122.09944109999999,1
2023_04_03T14_23_33.501819Z.gpx,47.8140023,-122.23153549999999,1
2023_07_25T16_40_13.109131Z.gpx,47.3967648,-121.53922779999999,1
2023_05_25T22_23_53.299114Z.gpx,47.900614499999996,-122.2146842,1
2023_05_27T23_24_59.102685Z.gpx,47.7108528,-122.13189759999999,1
2023_05_02T14_03_50.021319Z.gpx,47.8620981,-122.24778099999999,1
2023_05_19T22_36_33.159870Z.gpx,47.711335299999995,-122.1851825,1
2023_07_25T02_31_02.991016Z.gpx,47.5905851,-122.30359659999999,1
2023_05_16T00_27_29.464684Z.gpx,47.756540699999995,-122.18513829999999,1
2023_10_15T16_42_06.644783.gpx,30.402219,-91.0947508,1
2023_05_30T14_20_48.382691Z.gpx,47.6928001,-122.0929652,1
2023_04_04T13_08_52.237047Z.gpx,47.6939661,-122.0990851,1
2023_07_22T00_46_01.225041Z.gpx,47.8666214,-122.2456953,1
2023_05_20T22_02_26.471496Z.gpx,48.8247672,-122.55585939999999,1
2023_05_09T22_00_29.949068Z.gpx,47.937053399999996,-122.2647914,1
2023_10_15T19_57_47.028864.gpx,25.0763997,121.2318109,1
2023_06_27T13_44_23.985229Z.gpx,47.692875199999996,-122.0990308,1
2023_07_16T18_20_22.907568Z.gpx,47.678523299999995,-122.1214548,1
2023_07_13T13_03_00.618756Z.gpx,47.67263,-122.1106951,1
2023_05_02T23_55_16.988913Z.gpx,47.710783899999996,-122.18716149999999,1
2023_10_15T10_09_44.223579.gpx,24.6765354,120.85092139999999,1
2023_07_14T15_06_53.203053Z.gpx,47.708936099999995,-122.1749399,1
2023_07_25T16_10_12.926325Z.gpx,47.5797576,-122.14727579999999,1
2023_10_15T17_27_47.423591.gpx,24.6788699,120.8647938,1
2023_05_23T13_38_58.766811Z.gpx,47.7900328,-122.20444909999999,1
2023_03_29T02_16_01.291441Z.gpx,47.7692002,-122.18978419999999,1
2023_06_07T15_48_00.672882Z.gpx,47.6738984,-122.11728,1
2023_05_26T20_44_31.342551Z.gpx,47.8430544,-122.2596167,1
2023_06_02T00_10_29.584001Z.gpx,47.7114611,-122.15947039999999,1
2023_05_30T23_42_43.339253Z.gpx,47.694030999999995,-122.0992055,1
2023_07_13T11_45_46.467569Z.gpx,47.574794999999995,-122.17570309999999,1
2023_05_10T13_24_03.326312Z.gpx,47.7156911,-122.18546669999999,1
2023_04_19T14_09_58.854552Z.gpx,47.693870999999994,-122.09901049999999,1
2023_06_14T13_42_35.837774Z.gpx,47.6940665,-122.099088,1
2023_03_30T12_00_40.953079Z.gpx,47.491204599999996,-122.1916962,1
2023_10_15T18_25_30.082607Z.gpx,38.7952784641195,-121.3344272246176,1
2023_07_20T04_33_45.561667Z.gpx,47.6634203,-122.02748349999999,1
2023_05_09T22_12_37.325353Z.gpx,47.8463122,-122.25874379999999,1
2023_10_15T19_37_53.536629.gpx,25.0647381,121.43863839999999,1
2023_10_15T18_02_57.956299Z.gpx,38.871464654954806,-121.30613529247175,1
2023_03_29T02_06_02.265924Z.gpx,47.8824323,-122.2334563,1
2023_05_12T19_17_30.458255Z.gpx,47.7759765,-122.19126949999999,1
2023_10_15T18_20_08.996322.gpx,33.5102405,-112.072797,1
2023_03_30T23_37_28.882942Z.gpx,47.7837178,-122.1960342,1
2023_10_15T14_33_48.190626.gpx,24.7574494,120.95707209999999,1
2023_10_15T14_08_19.961462Z.gpx,37.82067569561492,-122.33696466753894,1
2023_07_05T22_40_56.534548Z.gpx,47.7087924,-122.1764347,1
2023_10_15T14_48_06.739530.gpx,22.6530682,120.31524929999999,1
2023_07_04T01_41_15.843489Z.gpx,47.7110802,-122.1321653,1
2023_10_15T20_18_57.449593.gpx,24.966426199999997,121.4418511,1
2023_06_14T22_38_32.620436Z.gpx,47.743366099999996,-122.18723779999999,1
2023_07_11T00_54_08.754339Z.gpx,47.890938899999995,-122.2226955,1
2023_03_31T13_35_47.851110Z.gpx,47.6939354,-122.09909449999999,1
2023_07_22T00_36_01.208570Z.gpx,47.9278969,-122.2607709,1
2023_10_15T07_56_13.423811.gpx,24.29516,120.59037029999999,1
2023_05_11T22_38_18.461669Z.gpx,47.8559011,-122.25370559999999,1
2023_03_23T14_00_23.449443Z.gpx,47.6938956,-122.09907109999999,1
2023_10_15T14_46_34.230830.gpx,31.2698146,-92.4383283,1
2023_10_15T08_20_05.483768.gpx,24.5424553,120.74213519999999,1
2023_05_02T13_53_49.938783Z.gpx,47.7320393,-122.18814289999999,1
2023_10_15T14_51_34.232768.gpx,31.2042169,-92.47359379999999,1
2023_07_25T15_56_03.640369Z.gpx,47.6183553,-122.153684,1
2023_07_24T23_57_34.493056Z.gpx,47.8933081,-122.2195634,1
2023_05_06T00_31_04.257729Z.gpx,47.693778699999996,-122.09915889999999,1
2023_10_15T17_21_57.414902.gpx,25.0473668,121.51313529999999,1
2023_06_15T21_37_42.756779Z.gpx,47.8843239,-122.23101919999999,1
2023_10_15T08_31_17.167906.gpx,24.6748564,120.8491435,1
2023_07_11T23_28_39.644032Z.gpx,47.7107458,-122.1704886,1
2023_05_19T12_47_16.290839Z.gpx,47.6935347,-122.09269889999999,1
2023_10_15T12_07_03.202809.gpx,24.7558093,120.9568001,1
2023_04_18T23_02_59.110396Z.gpx,47.796088499999996,-122.21702529999999,1
2023_04_17T13_45_47.154260Z.gpx,47.693872899999995,-122.09897199999999,1
2023_05_16T00_37_29.468473Z.gpx,47.6770449,-122.1552461,1
2023_05_16T19_11_07.556383Z.gpx,47.866721999999996,-122.2457836,1
2023_06_07T16_01_44.536364Z.gpx,47.7112846,-122.1379472,1
2023_03_29T13_44_08.168218Z.gpx,47.6940016,-122.0991004,1
2023_07_20T02_38_45.909168Z.gpx,47.6719799,-122.1197309,1
2023_04_10T14_00_11.228510Z.gpx,47.8081214,-122.2280054,1
2023_07_11T13_32_57.643205Z.gpx,47.711246499999994,-122.13501749999999,1
2023_10_15T16_21_22.198432.gpx,30.5293642,-91.39637379999999,1
2023_04_06T14_00_31.943286Z.gpx,47.7964948,-122.2172004,1
2023_05_04T23_24_09.070358Z.gpx,47.6781273,-122.12031139999999,1
2023_06_26T15_47_46.504458Z.gpx,47.7655726,-122.1874332,1
2023_10_15T19_42_38.328051.gpx,25.0651931,121.38337539999999,1
2023_04_14T01_13_27.795645Z.gpx,47.73585,-122.1879622,1
2023_07_09T21_50_12.535260Z.gpx,47.671406,-122.1122707,1
2023_03_27T22_26_01.104863Z.gpx,47.7260524,-122.18997979999999,1
2023_10_15T01_35_24.615017Z.gpx,38.77030215466745,-121.26917627393306,1
2023_05_10T11_44_53.455324Z.gpx,47.6316831,-122.1779662,1
2023_05_19T13_02_13.061846Z.gpx,47.7115362,-122.1636185,1
2023_05_05T23_31_26.706079Z.gpx,47.7837677,-122.1961099,1
2023_10_15T16_26_23.415677.gpx,30.4943501,-91.2927437,1
2023_04_24T13_57_04.210174Z.gpx,47.7024352,-122.0939564,1
2023_05_24T23_40_59.323609Z.gpx,47.738485499999996,-122.1875862,1
2023_10_15T08_12_35.376997.gpx,24.4456317,120.6799224,1
2023_05_31T22_47_39.713530Z.gpx,47.9393969,-122.2818879,1
2023_10_15T15_21_24.565291.gpx,24.9762786,121.5781835,1
2023_10_15T15_29_04.499604.gpx,30.6465584,-92.05375749999999,1
2023_06_10T23_17_34.351094Z.gpx,47.7121877,-122.18688519999999,1
2023_10_15T14_44_08.495598.gpx,31.306671599999998,-92.4425582,1
2023_07_05T22_30_34.796549Z.gpx,47.7925928,-122.2100811,1
2023_10_15T16_58_35.414080.gpx,30.169638799999998,-90.8705638,1
2023_06_01T23_49_29.853311Z.gpx,47.885681399999996,-122.22929389999999,1
2023_05_19T13_12_17.916399Z.gpx,47.814359499999995,-122.2319921,1
2023_07_11T00_42_34.068032Z.gpx,47.940964099999995,-122.26275319999999,1
2023_06_04T01_29_37.371593Z.gpx,47.8879546,-122.32642279999999,1
2023_04_11T22_26_42.516714Z.gpx,47.9369776,-122.265957,1
2023_06_25T22_38_46.957402Z.gpx,47.757928199999995,-122.1545845,1
2023_07_08T00_08_17.722998Z.gpx,47.941125799999995,-122.26352659999999,1
2023_10_15T15_18_50.973569.gpx,25.004113,121.5950677,1
2023_04_01T00_54_36.326815Z.gpx,47.709897299999994,-122.1818862,1
2023_06_28T14_02_35.764129Z.gpx,47.7090568,-122.17460109999999,1
2023_06_24T22_44_49.723699Z.gpx,47.6938859,-122.0991037,1
2023_06_04T02_09_35.528830Z.gpx,47.667019499999995,-122.1578131,1
2023_10_15T15_14_50.583202Z.gpx,40.455076844665804,-74.29862616707648,1
2023_10_15T15_19_04.493680.gpx,30.788997,-92.19850029999999,1
2023_07_06T15_08_57.568423Z.gpx,47.6928497,-122.11029909999999,1
2023_04_20T20_49_08.511213Z.gpx,47.590589699999995,-122.3035065,1
2023_10_15T14_51_41.530299.gpx,22.6442388,120.318579,1
2023_10_15T15_06_30.679397Z.gpx,40.46787239060048,-74.3118520513013,1
2023_07_17T15_00_46.354358Z.gpx,47.711414999999995,-122.1541273,1
2023_04_05T14_55_15.724968Z.gpx,47.8011419,-122.2242962,1
2023_03_29T22_32_54.395011Z.gpx,47.7659352,-122.18790279999999,1
2023_06_08T13_19_41.447059Z.gpx,47.777145399999995,-122.19148249999999,1
2023_05_20T22_53_04.046926Z.gpx,48.185386099999995,-122.200818,1
2023_10_15T14_57_21.960950Z.gpx,25.06286578938968,121.5260745676875,1
2023_03_30T11_19_56.477340Z.gpx,47.694031599999995,-122.09905339999999,1
2023_07_20T02_49_05.164232Z.gpx,47.6765587,-122.1215962,1
2023_05_31T23_08_05.524031Z.gpx,47.7862815,-122.1984803,1
2023_06_13T15_15_27.282831Z.gpx,47.700897999999995,-122.1320595,1
2023_10_15T16_39_46.395163Z.gpx,22.8451401,120.29575399999999,1
2023_07_03T13_20_29.808335Z.gpx,47.7096301,-122.18038279999999,1
2023_10_15T17_22_47.561901Z.gpx,41.63841938608716,-72.90022180280154,1
2023_10_15T16_26_44.145434.gpx,24.9349652,121.36746679999999,1
2023_10_15T19_30_25.451560.gpx,37.317003,-122.0323303,1
2023_05_07T23_06_01.148711Z.gpx,47.6896728,-122.38541819999999,1
2023_03_30T12_20_40.975075Z.gpx,47.771446399999995,-122.1899768,1
2023_10_15T16_01_12.196369.gpx,30.541550599999997,-91.78566119999999,1
2023_10_15T15_12_07.286684Z.gpx,40.459192739776924,-74.30770894950055,1
2023_05_30T21_55_05.636929Z.gpx,47.7319166,-122.1885815,1
2023_07_18T14_55_20.435109Z.gpx,47.835949199999995,-122.26073489999999,1
2023_10_15T19_23_24.590594Z.gpx,22.9928481,120.23825799999999,1
2023_06_27T23_23_18.277337Z.gpx,47.710829399999994,-122.1684641,1
2023_07_19T04_12_54.687805Z.gpx,47.6634423,-122.02755739999999,1
2023_10_15T18_22_52.024721.gpx,40.1407343,-74.26611969999999,1
2023_07_08T19_12_47.466213Z.gpx,47.668765,-122.1091771,1
2023_06_08T12_56_36.966840Z.gpx,47.693942299999996,-122.0990922,1
2023_03_25T02_28_11.823446Z.gpx,47.711175399999995,-122.1853221,1
2023_07_17T23_32_47.781589Z.gpx,47.780332099999995,-122.19381779999999,1
2023_04_14T01_03_27.791927Z.gpx,47.871297299999995,-122.2446276,1
2023_10_15T18_22_11.133923.gpx,25.0404071,121.54578819999999,1
2023_06_12T14_07_21.445735Z.gpx,47.7974521,-122.21901299999999,1
2023_10_15T19_30_29.565487Z.gpx,38.756894630718186,-121.26719732904816,1
2023_03_29T01_55_23.812784Z.gpx,47.9402621,-122.2822655,1
2023_03_23T14_11_59.409473Z.gpx,47.7112361,-122.1355124,1
2023_10_15T16_52_31.540174Z.gpx,39.1136059529883,-121.53729428253087,1
2023_03_23T01_44_51.017513Z.gpx,47.6938542,-122.09909619999999,1
2023_06_13T16_17_53.832738Z.gpx,47.7130819,-122.1804561,1
2023_04_12T13_49_45.793075Z.gpx,47.6939177,-122.0989125,1
2023_07_04T01_08_30.272627Z.gpx,47.9049012,-122.2095847,1
2023_05_27T19_34_55.141547Z.gpx,47.693927599999995,-122.0991526,1
2023_05_08T22_23_25.883670Z.gpx,47.7729086,-122.19052529999999,1
2023_10_15T14_18_19.971317Z.gpx,37.954315689788785,-122.32882136749265,1
2023_04_21T00_36_16.972753Z.gpx,47.600110199999996,-122.32901299999999,1
2023_07_25T00_07_34.473805Z.gpx,47.7749921,-122.1909524,1
2023_05_26T20_54_31.355961Z.gpx,47.7333618,-122.188446,1
2023_10_15T15_09_04.310946.gpx,30.9596406,-92.2826656,1
2023_06_24T01_09_47.349857Z.gpx,47.6666563,-122.1652841,1
2023_05_11T13_23_26.881750Z.gpx,47.7113495,-122.1460425,1
2023_10_15T17_29_35.021191.gpx,25.0483798,121.5391035,1
2023_06_27T13_55_56.995766Z.gpx,47.711451,-122.1536247,1
2023_07_09T18_45_09.092968Z.gpx,47.6933718,-122.0992921,1
2023_10_15T18_47_15.516040Z.gpx,42.90096410562719,-79.23458991703266,1
2023_05_16T14_07_10.945770Z.gpx,47.7938994,-122.21208469999999,1
2023_07_04T01_20_36.632634Z.gpx,47.8572269,-122.2526151,1
2023_06_25T21_27_13.287070Z.gpx,47.6929047,-122.10135729999999,1
2023_04_06T13_37_03.423991Z.gpx,47.693937899999995,-122.099125,1
2023_10_15T09_56_04.092412.gpx,24.683477699999997,120.87023409999999,1
2023_03_22T22_24_58.720468Z.gpx,47.7575648,-122.18460619999999,1
2023_04_13T14_55_30.594741Z.gpx,47.833339099999996,-122.2613415,1
2023_07_21T02_14_56.281017Z.gpx,47.6748616,-122.1367169,1
2023_07_12T14_51_49.569723Z.gpx,47.702338399999995,-122.0935427,1
2023_05_07T23_39_43.178693Z.gpx,47.6137361,-122.1842088,1
2023_06_26T15_25_47.340979Z.gpx,47.6928334,-122.10614679999999,1
2023_05_23T23_53_20.812697Z.gpx,47.9394018,-122.2817824,1
2023_10_15T17_14_13.810887.gpx,30.109432199999997,-90.52885049999999,1
2023_07_19T14_51_57.067176Z.gpx,47.7534389,-122.18628539999999,1
2023_05_12T18_57_02.689344Z.gpx,47.9394814,-122.2818891,1
2023_10_15T19_20_09.321781.gpx,25.0149953,121.4622455,1
2023_05_16T13_44_00.264681Z.gpx,47.6939858,-122.099116,1
2023_05_24T14_16_47.706014Z.gpx,47.816057,-122.2354306,1
2023_05_19T22_16_33.189152Z.gpx,47.8809167,-122.235287,1
2023_05_09T14_42_22.463894Z.gpx,47.7101097,-122.1318701,1
2023_07_04T23_21_36.465272Z.gpx,47.576701,-122.17449219999999,1
2023_06_01T14_45_54.042070Z.gpx,47.6216419,-122.1687492,1
2023_05_17T22_06_14.423182Z.gpx,47.722699999999996,-122.1898609,1
2023_07_19T02_09_06.694971Z.gpx,47.6939217,-122.0991157,1
2023_07_18T14_33_34.529526Z.gpx,47.6929022,-122.10780349999999,1
2023_10_15T15_46_10.404949.gpx,30.5315533,-92.0673485,1
2023_04_12T14_13_19.231276Z.gpx,47.8072184,-122.22760579999999,1
2023_06_09T15_17_27.045278Z.gpx,47.7110851,-122.1318656,1
2023_07_20T16_23_18.468523Z.gpx,47.923529099999996,-122.2909466,1
2023_07_04T01_30_36.644680Z.gpx,47.741510999999996,-122.1873631,1
2023_05_05T13_31_33.243217Z.gpx,47.7017849,-122.0933354,1
2023_05_17T21_14_07.086363Z.gpx,47.939127899999995,-122.28159959999999,1
2023_05_30T14_46_18.521543Z.gpx,47.8086561,-122.22832629999999,1
2023_07_14T22_32_04.571756Z.gpx,47.871107699999996,-122.24455599999999,1
2023_05_12T19_35_59.987692Z.gpx,47.532919,-122.1971974,1
2023_05_08T13_26_11.483208Z.gpx,47.7112869,-122.14082599999999,1
2023_04_27T22_07_49.563819Z.gpx,47.9394735,-122.2819923,1
2023_10_15T19_12_50.167627Z.gpx,22.9727784,120.24752009999999,1
2023_10_15T16_02_33.128565Z.gpx,41.582938031495424,-73.07766456324333,1
2023_04_20T20_23_00.882481Z.gpx,47.6940162,-122.0991253,1
2023_10_15T14_34_30.996018Z.gpx,25.080494494679733,121.49735975441843,1
2023_04_24T22_04_49.232362Z.gpx,47.878502,-122.2622114,1
2023_10_15T20_27_26.609953Z.gpx,40.37516690301142,-74.31588739713759,1
2023_07_15T16_15_33.628956Z.gpx,47.688613499999995,-122.09261509999999,1
2023_05_25T22_33_53.398255Z.gpx,47.792738199999995,-122.2103666,1
2023_03_23T18_07_32.502709Z.gpx,47.8794857,-122.2370857,1
2023_05_27T22_43_29.858262Z.gpx,47.624105,-122.33438269999999,1
2023_10_15T03_03_11.025829Z.gpx,38.63401728101096,-121.52099507614015,1
2023_07_05T14_26_19.661795Z.gpx,47.9187612,-122.2063723,1
2023_04_20T20_53_03.134515Z.gpx,47.594434899999996,-122.31807649999999,1
2023_05_10T13_12_24.532718Z.gpx,47.702357299999996,-122.09358879999999,1
2023_10_15T17_27_22.213678.gpx,29.994288299999997,-90.2980086,1
2023_10_15T16_11_12.202660.gpx,30.555403199999997,-91.5879041,1
2023_07_25T03_17_08.035419Z.gpx,47.5183531,-122.1984603,1
2023_10_15T10_16_06.984472.gpx,24.7319969,120.90633709999999,1
2023_07_11T13_20_43.257430Z.gpx,47.6939688,-122.0990429,1
2023_06_07T20_31_47.157535Z.gpx,47.705819299999995,-122.1319518,1
2023_10_15T19_32_46.735572.gpx,25.0166503,121.4502673,1
2023_07_07T14_39_20.650887Z.gpx,47.8327424,-122.26141559999999,1
2023_05_31T13_13_52.645179Z.gpx,47.7108819,-122.13184749999999,1
2023_10_15T18_37_36.614363Z.gpx,42.889207254410955,-79.25146976651257,1
2023_05_17T23_20_38.360537Z.gpx,47.7101496,-122.1707296,1
2023_07_17T23_22_47.733910Z.gpx,47.8994986,-122.21512849999999,1
2023_10_15T15_01_24.358700Z.gpx,23.1670978,120.2663518,1
2023_10_15T00_16_55.487328Z.gpx,38.82495594085235,-121.21060537894982,1
2023_07_17T14_46_17.656154Z.gpx,47.692955399999995,-122.0929436,1
2023_06_28T13_51_47.262559Z.gpx,47.702342699999996,-122.09347779999999,1
2023_04_07T00_14_29.174396Z.gpx,47.9382044,-122.2717416,1
2023_10_15T14_41_21.332885.gpx,24.7007364,120.8646301,1
2023_04_11T13_29_47.204382Z.gpx,47.6927854,-122.093054,1
2023_10_15T17_27_05.017566.gpx,25.0482488,121.52964399999999,1
2023_10_15T18_19_32.330439.gpx,25.0401351,121.54552389999999,1
2023_04_24T22_16_04.659759Z.gpx,47.8221597,-122.2474075,1
2023_10_15T01_33_13.783590Z.gpx,38.771479056335124,-121.27097100966613,1
2023_07_04T22_48_01.324569Z.gpx,47.5693729,-122.17879119999999,1
2023_10_15T14_49_04.230421.gpx,31.2384526,-92.4458416,1
2023_10_15T18_52_42.281513Z.gpx,22.7160926,120.3314072,1
2023_10_15T10_07_01.171852.gpx,24.6791137,120.8649865,1
2023_10_15T17_08_57.537083.gpx,30.120195,-90.6472768,1
2023_10_15T17_24_45.702405.gpx,30.0238932,-90.325434,1
2023_07_21T01_20_18.321017Z.gpx,47.8849103,-122.2816689,1
2023_06_27T00_07_02.587027Z.gpx,47.9229652,-122.2909397,1
2023_07_13T00_32_45.756496Z.gpx,47.869188,-122.24502539999999,1
2023_05_22T22_25_36.810091Z.gpx,47.8815241,-122.23458699999999,1
2023_05_22T22_45_36.788728Z.gpx,47.7112268,-122.14136549999999,1
2023_07_10T03_25_09.004193Z.gpx,47.663457,-122.02756749999999,1
2023_06_08T21_38_22.442373Z.gpx,47.8779913,-122.2389869,1
2023_10_15T01_00_12.618598Z.gpx,38.77660473461843,-121.27905875723651,1
2023_07_05T14_13_12.257904Z.gpx,47.7351594,-122.18764069999999,1
2023_10_15T19_50_08.341242.gpx,25.0233231,121.27051569999999,1
2023_06_21T22_15_01.515564Z.gpx,47.9085533,-122.22466109999999,1
2023_10_15T15_24_32.064885.gpx,24.9586427,121.53866629999999,1
2023_10_15T15_51_11.599164.gpx,30.547183999999998,-91.9753413,1
2023_10_15T02_25_31.460988Z.gpx,38.779454730189165,-121.26580069186414,1
2023_05_18T21_17_55.979142Z.gpx,47.8704567,-122.2448337,1
2023_10_15T16_24_03.230977Z.gpx,41.554426108558765,-72.96467161832912,1
2023_05_29T04_13_01.124501Z.gpx,47.8358004,-122.2884452,1
2023_06_12T22_12_30.235014Z.gpx,47.711774999999996,-122.18501239999999,1
2023_06_24T01_37_15.321354Z.gpx,47.6939938,-122.0991311,1
2023_10_15T15_42_03.929525.gpx,24.937720199999998,121.36159869999999,1
2023_07_05T13_50_53.478924Z.gpx,47.6938694,-122.09918549999999,1
2023_06_09T21_37_26.403263Z.gpx,47.8956352,-122.2889938,1
2023_04_06T02_02_42.703749Z.gpx,47.9393485,-122.2820575,1
2023_07_04T22_38_01.167094Z.gpx,47.672021699999995,-122.1063599,1
2023_04_25T15_18_03.461495Z.gpx,47.7106302,-122.1699586,1
2023_05_08T22_13_25.857778Z.gpx,47.8865166,-122.22831049999999,1
2023_04_14T21_52_16.681826Z.gpx,47.693918499999995,-122.0991459,1
2023_07_05T17_47_01.888861Z.gpx,47.940308599999994,-122.26250999999999,1
2023_03_28T14_29_19.010782Z.gpx,47.7966802,-122.217551,1
2023_06_24T21_06_41.248834Z.gpx,47.6937931,-122.09888939999999,1
2023_05_20T17_07_35.532426Z.gpx,47.7407292,-122.18692449999999,1
2023_10_15T17_09_10.867947Z.gpx,40.41810624152499,-74.17831099409158,1
2023_05_17T14_12_50.767195Z.gpx,47.708896599999996,-122.1764305,1
2023_04_03T23_05_39.439361Z.gpx,47.8846852,-122.2306524,1
2023_10_15T18_58_06.023754Z.gpx,40.394693720866535,-74.2225542651519,1
2023_10_15T17_50_22.945658Z.gpx,41.54190039976508,-72.96917539952001,1
2023_04_07T00_26_10.003692Z.gpx,47.8702523,-122.2448388,1
2023_10_15T03_23_11.019692Z.gpx,39.00584730726024,-121.5431762332,1
2023_07_16T00_45_40.930503Z.gpx,47.693953099999995,-122.09912519999999,1
2023_05_22T22_14_14.554531Z.gpx,47.940163899999995,-122.2739613,1
2023_07_25T16_50_13.115109Z.gpx,47.3768643,-121.3773626,1
2023_10_15T18_15_34.957183Z.gpx,41.57590929857961,-73.06977227411967,1
2023_06_29T00_35_20.210861Z.gpx,47.7794099,-122.19329289999999,1
2023_06_26T15_37_04.065856Z.gpx,47.6983204,-122.13206059999999,1
2023_10_15T16_39_17.319025.gpx,30.4227694,-91.13825039999999,1
2023_10_15T16_34_44.754841Z.gpx,41.563953478278144,-72.92606965333064,1
2023_10_15T02_41_14.925215Z.gpx,38.65775172253202,-121.36398439881846,1
2023_05_10T20_46_12.584862Z.gpx,47.936921999999996,-122.26456329999999,1
2023_10_15T15_12_57.083420Z.gpx,40.45869888733035,-74.30661818647134,1
2023_07_13T19_17_19.181083Z.gpx,47.9224296,-122.3003725,1
2023_05_09T14_52_22.426493Z.gpx,47.7587166,-122.1839914,1
2023_07_15T20_14_29.000490Z.gpx,47.6929178,-122.10840669999999,1
2023_06_03T22_56_51.931432Z.gpx,47.802672799999996,-122.2252798,1
2023_10_15T20_13_33.041866.gpx,24.935872,121.35533919999999,1
2023_04_26T15_28_15.850948Z.gpx,47.7107698,-122.18229269999999,1
2023_05_26T13_29_14.511254Z.gpx,47.709557,-122.1318323,1
2023_07_19T00_15_42.689677Z.gpx,47.934322099999996,-122.2614361,1
2023_10_15T15_48_40.805024.gpx,30.541296,-92.02521929999999,1
2023_10_15T10_12_24.624320.gpx,24.7007674,120.8649693,1
2023_04_21T15_41_45.701105Z.gpx,47.6778915,-122.12079159999999,1
2023_04_19T14_42_32.163392Z.gpx,47.8684527,-122.244748,1
2023_10_15T08_30_05.709803.gpx,24.6669835,120.8463518,1
2023_04_12T14_03_19.385066Z.gpx,47.711402299999996,-122.14986019999999,1
2023_10_15T18_03_24.521002Z.gpx,41.54228213520177,-72.96915121569782,1
2023_04_18T00_37_27.742197Z.gpx,47.789305899999995,-122.20351199999999,1
2023_05_10T12_47_26.200449Z.gpx,47.5078295,-122.1978906,1
2023_07_22T23_31_06.059839Z.gpx,47.6740411,-122.0903786,1
2023_05_11T13_34_31.171820Z.gpx,47.791534399999996,-122.2074406,1
2023_10_15T14_50_37.545239Z.gpx,25.068699928188213,121.51062185106397,1
2023_05_17T14_01_11.483091Z.gpx,47.701898199999995,-122.0930398,1
2023_03_27T22_16_01.820604Z.gpx,47.8627116,-122.2477172,1
2023_05_05T23_21_26.709052Z.gpx,47.8840587,-122.2314311,1
2023_10_15T08_17_35.386678.gpx,24.5082582,120.71441189999999,1
2023_10_15T19_13_26.370567Z.gpx,38.752320068520895,-121.28793851142406,1
2023_04_06T13_50_00.167131Z.gpx,47.7113734,-122.1470741,1
2023_07_04T23_11_36.470124Z.gpx,47.462739,-122.2601402,1
2023_07_20T14_28_30.199121Z.gpx,47.7171081,-122.18630669999999,1
2023_07_05T22_20_34.609274Z.gpx,47.8975887,-122.2160459,1
2023_10_15T08_00_05.369550.gpx,24.305813999999998,120.5971106,1
2023_10_15T16_52_43.526019.gpx,30.2390746,-90.9690074,1
2023_06_02T16_26_25.781283Z.gpx,47.810944,-122.2295329,1
2023_10_15T00_35_56.440420Z.gpx,38.84769104476793,-121.24426898364399,1
2023_06_25T23_06_01.675347Z.gpx,47.675521499999995,-122.13035699999999,1
2023_10_15T02_46_42.285436Z.gpx,38.637743489473095,-121.37909411481881,1
2023_07_12T15_02_02.251487Z.gpx,47.70915,-122.1743283,1
2023_05_20T18_07_35.166987Z.gpx,48.5615911,-122.3480376,1
2023_06_04T01_49_57.433791Z.gpx,47.757813399999996,-122.18442429999999,1
2023_07_20T02_21_57.285488Z.gpx,47.7457208,-122.18726729999999,1
2023_07_13T23_01_39.539193Z.gpx,47.788515499999995,-122.2020912,1
2023_10_15T19_09_46.168988.gpx,25.0496521,121.53142659999999,1
2023_05_03T23_45_52.515298Z.gpx,47.8250837,-122.25365,1
2023_05_20T22_13_04.032500Z.gpx,48.705815099999995,-122.4771426,1
2023_04_24T21_41_53.197791Z.gpx,47.9238498,-122.2411092,1
2023_06_21T21_32_31.618123Z.gpx,47.9394316,-122.28186799999999,1
2023_04_18T23_13_27.608117Z.gpx,47.7111125,-122.16782979999999,1
2023_07_24T14_04_30.719748Z.gpx,47.7114219,-122.1548435,1
2023_04_19T22_25_37.419103Z.gpx,47.940319699999996,-122.2821259,1
2023_04_27T22_28_16.228510Z.gpx,47.819865899999996,-122.24239449999999,1
2023_06_21T15_17_21.216525Z.gpx,47.7558369,-122.1852844,1
2023_05_02T13_42_49.478187Z.gpx,47.703970999999996,-122.12496809999999,1
2023_07_10T14_37_34.274003Z.gpx,47.6939419,-122.0991057,1
2023_04_10T13_50_11.250647Z.gpx,47.7115355,-122.16608699999999,1
2023_07_25T17_44_39.461907Z.gpx,46.9462627,-120.2462989,1
2023_07_05T14_59_39.116600Z.gpx,47.9235237,-122.2909282,1
2023_04_27T13_22_56.774077Z.gpx,47.694042599999996,-122.09916299999999,1
2023_06_29T00_25_20.212762Z.gpx,47.8776922,-122.2394992,1
2023_07_24T23_45_21.607694Z.gpx,47.940702599999995,-122.2629599,1
2023_06_24T01_47_23.541471Z.gpx,47.629773899999996,-122.1596038,1
2023_10_15T08_32_45.080498.gpx,24.679142799999997,120.853613,1
2023_05_15T18_43_16.158685Z.gpx,47.693996899999995,-122.09903999999999,1
2023_04_13T14_45_20.933364Z.gpx,47.708974,-122.17482079999999,1
2023_10_15T19_30_15.323472.gpx,25.0168525,121.4564497,1
2023_10_15T18_52_44.552935.gpx,30.261827999999998,-81.62690119999999,1
2023_05_12T19_07_30.445765Z.gpx,47.8882693,-122.22606809999999,1
2023_06_14T14_07_33.090033Z.gpx,47.703893099999995,-122.11449329999999,1
2023_10_15T00_48_46.004411Z.gpx,38.84813099660286,-121.2686881881644,1
2023_10_15T16_49_57.815416.gpx,30.286983199999998,-90.9904085,1
2023_06_09T14_57_45.174588Z.gpx,47.693973299999996,-122.0988986,1
2023_05_21T00_24_28.970221Z.gpx,47.694007299999996,-122.0990918,1
2023_04_18T00_13_46.151799Z.gpx,47.9397434,-122.28080349999999,1
2023_07_10T15_01_50.836161Z.gpx,47.765336,-122.18730219999999,1
2023_10_15T20_23_54.862393.gpx,24.977636,121.513599,1
2023_10_15T14_36_19.144879.gpx,24.7487787,120.9276841,1
2023_04_24T23_33_24.502380Z.gpx,47.6734534,-122.0902715,1
2023_10_15T19_10_53.486687Z.gpx,40.37300427934566,-74.31073773133694,1
2023_05_08T22_02_40.593557Z.gpx,47.9394147,-122.2820045,1
2023_06_27T22_13_52.481520Z.gpx,47.8259986,-122.2546773,1
1970_01_01T00_00_45.371674Z.gpx,22.99664,120.2398939,1
2023_05_16T00_17_29.481657Z.gpx,47.876022899999995,-122.2414822,1
2023_10_15T15_06_34.311897.gpx,30.993024499999997,-92.3216903,1
2023_04_24T14_08_49.985817Z.gpx,47.7115307,-122.1828322,1
2023_10_15T17_06_21.716007.gpx,30.1269119,-90.70438449999999,1
2023_07_13T23_21_04.439268Z.gpx,47.711697,-122.1658791,1
2023_07_13T22_35_58.090000Z.gpx,47.9407083,-122.2629271,1
2023_06_09T21_26_49.467289Z.gpx,47.9394942,-122.2819866,1
2023_03_23T18_17_32.469557Z.gpx,47.768067599999995,-122.18942639999999,1
2023_06_02T23_04_35.140333Z.gpx,47.9229653,-122.29088259999999,1
2023_04_14T00_52_48.837618Z.gpx,47.940071499999995,-122.28190479999999,1
2023_07_14T14_56_32.339056Z.gpx,47.702383499999996,-122.0936217,1
2023_04_11T13_54_09.277535Z.gpx,47.8236383,-122.2508532,1
2023_07_05T14_03_12.253882Z.gpx,47.703852,-122.1121661,1
2023_10_15T17_01_43.181994.gpx,24.927119899999997,121.36787559999999,1
2023_06_03T22_36_01.188548Z.gpx,47.693976299999996,-122.09912349999999,1
2023_10_15T15_41_08.446615.gpx,30.5840218,-92.0532897,1
2023_10_15T17_32_57.008529.gpx,40.148686399999995,-74.2757503,1
2023_05_17T14_22_50.668909Z.gpx,47.826402599999994,-122.2545823,1
2023_05_18T12_36_17.466383Z.gpx,47.7591556,-122.1839986,1
2023_07_08T23_17_23.003007Z.gpx,47.467323099999994,-122.22812649999999,1
2023_07_19T00_42_18.238050Z.gpx,47.7107774,-122.16907239999999,1
2023_07_25T16_30_12.937903Z.gpx,47.473294599999996,-121.7510617,1
2023_05_27T19_55_36.694604Z.gpx,47.6418464,-122.26533649999999,1
2023_06_15T21_47_42.764686Z.gpx,47.7786733,-122.192747,1
2023_10_15T15_53_42.126405.gpx,30.547183699999998,-91.9421752,1
2023_05_20T17_47_34.404030Z.gpx,48.2624685,-122.2622591,1
2023_04_26T23_00_30.280660Z.gpx,47.921298,-122.2120202,1
2023_07_25T03_27_07.814233Z.gpx,47.623716699999996,-122.18828889999999,1
2023_07_19T14_38_37.890409Z.gpx,47.6929921,-122.1243088,1
2023_10_15T20_00_17.343639.gpx,25.0639827,121.2152859,1
2023_03_23T17_57_08.408472Z.gpx,47.9391003,-122.28131599999999,1
2023_07_22T23_41_14.623362Z.gpx,47.734063899999995,-122.08139539999999,1
2023_05_17T00_25_35.547113Z.gpx,47.692740799999996,-122.0930831,1
2023_10_15T08_07_35.388605.gpx,24.369968,120.66415889999999,1
2023_10_15T15_43_40.404510.gpx,30.5556217,-92.05254269999999,1
2023_07_25T17_34_39.478815Z.gpx,46.9706015,-120.48900979999999,1
2023_10_15T18_56_47.524111.gpx,25.040187399999997,121.54540859999999,1
2023_03_25T02_13_53.308867Z.gpx,47.887271899999995,-122.2273623,1
2023_10_15T19_06_59.779568Z.gpx,38.75546490729919,-121.30413510184037,1
2023_10_15T20_05_42.441017.gpx,25.0121851,121.2786028,1
2023_06_12T22_02_30.068522Z.gpx,47.830587799999996,-122.26164469999999,1
2023_04_11T23_21_55.053465Z.gpx,47.6241554,-122.15402809999999,1
2023_10_15T00_21_22.005258Z.gpx,38.82665619674991,-121.2015831578452,1
2023_05_02T22_01_29.944144Z.gpx,47.9395965,-122.27492749999999,1
2023_04_21T18_37_29.878052Z.gpx,47.6136546,-122.1827828,1
2023_06_28T14_12_35.735604Z.gpx,47.833045299999995,-122.2614191,1
2023_10_15T15_26_44.494794Z.gpx,40.42129285590435,-74.18639480729931,1
2023_07_07T14_29_20.626325Z.gpx,47.708878999999996,-122.17559229999999,1
2023_05_06T23_09_11.908963Z.gpx,47.6787065,-122.1287344,1
2023_06_10T22_28_46.168897Z.gpx,47.6764017,-122.1278813,1
2023_05_29T01_25_56.508524Z.gpx,47.8098059,-122.2289856,1
2023_10_15T15_36_25.730580.gpx,24.9519271,121.3914463,1
2023_07_03T13_30_29.806505Z.gpx,47.8316119,-122.26108079999999,1
2023_04_04T23_56_59.806081Z.gpx,47.881473199999995,-122.23467339999999,1
2023_10_15T19_15_06.418475.gpx,25.0356097,121.48058859999999,1
2023_10_15T14_54_04.238970.gpx,31.161719899999998,-92.4583663,1
2023_10_15T16_36_50.893061.gpx,24.9255644,121.36803809999999,1
2023_10_15T14_59_04.333838.gpx,31.0769019,-92.4366759,1
2023_10_15T12_03_37.949807.gpx,24.7471492,120.92650839999999,1
2023_07_08T23_27_22.899618Z.gpx,47.5831812,-122.1760934,1
2023_10_15T09_59_13.421173.gpx,24.6778193,120.86518059999999,1
2023_10_15T00_25_42.896419Z.gpx,38.826710954296885,-121.20271846381404,1
2023_05_29T19_31_29.059340Z.gpx,47.663305699999995,-122.0273613,1
2023_10_15T19_58_43.077004Z.gpx,22.999606099999998,120.2483889,1
2023_04_19T14_21_13.035364Z.gpx,47.703915099999996,-122.1216573,1
2023_05_16T13_57_10.940623Z.gpx,47.7112701,-122.13490789999999,1
2023_07_11T13_42_57.629912Z.gpx,47.7896656,-122.2036428,1
2023_05_26T00_58_10.316539Z.gpx,47.6938965,-122.099294,1
2023_04_27T13_54_19.747101Z.gpx,47.8881886,-122.2249619,1
2023_05_06T03_49_01.216208Z.gpx,47.663249699999994,-122.0273792,1
2023_07_25T02_26_54.829036Z.gpx,47.5797756,-122.21521299999999,1
2023_10_15T18_13_03.705814Z.gpx,38.79178082242071,-121.35697634178702,1
2023_05_31T22_58_05.508786Z.gpx,47.9058159,-122.2124846,1
2023_06_16T00_04_42.973467Z.gpx,47.694086,-122.0992735,1
2023_07_19T00_30_55.932843Z.gpx,47.7989689,-122.2225024,1
2023_04_03T23_58_14.129379Z.gpx,47.7107617,-122.1704458,1
2023_05_17T21_56_14.417339Z.gpx,47.8539587,-122.25533069999999,1
2023_04_21T00_47_04.529325Z.gpx,47.6447965,-122.28553869999999,1
2023_05_25T03_38_12.701656Z.gpx,47.6638035,-122.02789759999999,1
2023_10_15T18_47_42.341920.gpx,37.3011932,-122.032167,1
2023_03_30T11_40_02.135290Z.gpx,47.4928232,-122.1918766,1
2023_03_26T04_48_57.169943Z.gpx,47.612913899999995,-122.19821549999999,1
2023_04_15T23_11_13.362605Z.gpx,47.6929221,-122.1115226,1
2023_04_01T00_34_11.077493Z.gpx,47.8999315,-122.2915721,1
2023_04_27T13_34_19.747648Z.gpx,47.71123,-122.132695,1
2023_10_15T01_39_30.410328Z.gpx,38.78129951870253,-121.26569601331586,1
2023_04_04T13_30_37.390528Z.gpx,47.787249599999996,-122.19896899999999,1
2023_07_13T00_22_36.684341Z.gpx,47.931383,-122.2485919,1
2023_05_31T00_34_09.623554Z.gpx,47.6218704,-122.1326137,1
2023_04_07T00_36_09.938731Z.gpx,47.775005199999995,-122.1910137,1
2023_10_15T19_44_20.037387.gpx,37.3008522,-122.03210929999999,1
2023_04_02T19_59_41.463943Z.gpx,47.631812599999996,-122.1785549,1
2023_06_09T21_47_41.751199Z.gpx,47.8322231,-122.2632258,1
2023_05_10T21_07_26.935930Z.gpx,47.7628415,-122.18562449999999,1
2023_10_15T16_18_47.616550.gpx,30.541888999999998,-91.43346299999999,1
2023_03_22T14_07_58.375330Z.gpx,47.6939748,-122.0990166,1
2023_04_01T00_44_33.130602Z.gpx,47.8175087,-122.23897059999999,1
2023_06_14T14_28_17.283223Z.gpx,47.8733442,-122.2433095,1
2023_06_21T14_56_05.768375Z.gpx,47.6939871,-122.09914409999999,1
2023_05_16T20_22_48.275861Z.gpx,47.4439716,-122.2979982,1
2023_04_21T00_57_09.019888Z.gpx,47.6672157,-122.12019199999999,1
2023_05_10T12_57_26.208941Z.gpx,47.634316899999995,-122.14320869999999,1
2023_10_15T16_47_23.713675.gpx,30.329008299999998,-91.0129188,1
2023_06_02T16_05_13.376843Z.gpx,47.693968,-122.09903969999999,1
2023_07_11T01_04_08.827736Z.gpx,47.7852453,-122.19744139999999,1
2023_04_06T02_23_17.268434Z.gpx,47.770199999999996,-122.1900287,1
2023_10_15T20_26_46.050437.gpx,24.972006999999998,121.5289023,1
2023_10_15T02_31_09.985310Z.gpx,38.7761131907807,-121.26575219122032,1
2023_10_15T15_24_04.492383.gpx,30.723170399999997,-92.11733509999999,1
2023_05_25T13_19_39.146466Z.gpx,47.6939948,-122.0990844,1
2023_10_15T17_19_05.512877Z.gpx,38.9962829803333,-121.40015423913901,1
2023_10_15T08_34_34.284870.gpx,24.679262299999998,120.86604159999999,1
2023_10_15T14_54_02.857452Z.gpx,25.068450975860355,121.52222057547782,1
2023_05_06T23_34_41.442160Z.gpx,47.7121686,-122.1867518,1
2023_06_07T16_11_44.713122Z.gpx,47.8032061,-122.22549,1
2023_04_07T00_46_09.974803Z.gpx,47.7113231,-122.154556,1
2023_05_22T13_36_49.672214Z.gpx,47.7983228,-122.2207821,1
2023_07_18T14_45_20.444962Z.gpx,47.7186284,-122.1872135,1
2023_07_22T00_56_01.202513Z.gpx,47.7657732,-122.1878485,1
2023_10_15T02_51_27.592219Z.gpx,38.63728783546813,-121.3826794621803,1
2023_10_15T14_51_22.659147Z.gpx,23.207313199999998,120.23953159999999,1
2023_07_13T00_42_45.750206Z.gpx,47.74915,-122.1872114,1
2023_04_03T23_15_39.444651Z.gpx,47.7725643,-122.19048579999999,1
2023_06_17T19_45_31.844991Z.gpx,47.6972593,-122.12868499999999,1
2023_10_15T15_02_23.059848.gpx,24.6779853,120.86497779999999,1
2023_05_15T18_02_16.889200Z.gpx,47.5724677,-122.1768585,1
2023_05_26T13_18_17.470751Z.gpx,47.6938964,-122.09915409999999,1
2023_07_04T00_35_54.876188Z.gpx,47.9403858,-122.2627658,1
2023_05_27T23_03_58.500390Z.gpx,47.6924102,-122.09281469999999,1
2023_10_15T19_45_08.335816.gpx,25.0645515,121.33932189999999,1
2023_07_11T01_14_11.945859Z.gpx,47.7112761,-122.1474207,1
2023_03_22T14_42_36.418929Z.gpx,47.8796837,-122.2361779,1
2023_05_20T17_37_35.402819Z.gpx,48.1237857,-122.1851938,1
2023_05_19T22_26_33.158675Z.gpx,47.7804499,-122.19393249999999,1
1970_01_01T00_06_10.822869.gpx,-14.1410149,-39.7356834,1
2023_04_12T22_26_56.882747Z.gpx,47.9371838,-122.27001879999999,1
2023_07_08T23_06_42.408253Z.gpx,47.4292386,-122.2898546,1
2023_06_13T16_40_26.922007Z.gpx,47.7152387,-122.18369729999999,1
2023_05_24T23_51_31.867702Z.gpx,47.7039615,-122.18040219999999,1
2023_10_15T15_11_41.579932Z.gpx,23.133381,120.30616289999999,1
2023_10_15T15_38_55.734367.gpx,24.9394574,121.3603557,1
2023_10_15T17_20_00.146631Z.gpx,41.64063568737804,-72.87399839363994,1
2023_10_15T00_45_53.697275Z.gpx,38.847711448289836,-121.24430496493292,1
2023_06_27T21_53_15.528020Z.gpx,47.940215699999996,-122.26255529999999,1
2023_06_10T21_23_47.811529Z.gpx,47.6933059,-122.0990848,1
2023_07_14T22_21_30.614847Z.gpx,47.940903999999996,-122.2628488,1
2023_05_29T01_15_45.832929Z.gpx,47.7114373,-122.1532604,1
2023_10_15T15_14_04.503577.gpx,30.8786779,-92.22765869999999,1
2023_05_16T01_22_16.848236Z.gpx,47.6634074,-122.027324,1
2023_10_15T00_42_11.500272Z.gpx,38.84775837841416,-121.24506958226573,1
2023_04_19T22_46_00.706930Z.gpx,47.775036899999996,-122.1909752,1
2023_03_22T14_22_08.505429Z.gpx,47.710981399999994,-122.13187459999999,1
2023_10_15T19_55_08.445144.gpx,25.0668032,121.2192939,1
2023_10_15T16_49_46.402478Z.gpx,22.6998362,120.32748769999999,1
2023_03_29T22_22_54.209289Z.gpx,47.874147099999995,-122.24344149999999,1
2023_10_15T20_16_13.948569.gpx,24.9508352,121.4007559,1
2023_05_07T23_17_29.866363Z.gpx,47.690527499999995,-122.34128749999999,1
2023_05_29T04_02_15.663187Z.gpx,47.8378631,-122.33360049999999,1
2023_10_15T15_56_12.198784.gpx,30.5473261,-91.8908439,1
2023_10_15T17_02_27.398138Z.gpx,39.049708532514956,-121.51443530358814,1
2023_10_15T14_43_08.112660Z.gpx,24.7757157,121.01731629999999,1
2023_10_15T17_42_18.898397Z.gpx,41.575903878574785,-72.90451020068434,1
2023_03_27T22_04_33.829999Z.gpx,47.937896099999996,-122.2716904,1
2023_04_20T20_43_41.571167Z.gpx,47.5799308,-122.18561009999999,1
2023_04_24T22_36_04.664786Z.gpx,47.7111581,-122.1677141,1
2023_05_15T16_51_08.586051Z.gpx,47.444145,-122.2972642,1
2023_03_24T14_18_13.970930Z.gpx,47.7790093,-122.19241869999999,1
2023_07_13T11_33_55.066224Z.gpx,47.6710024,-122.10541509999999,1
2023_05_25T00_38_12.339043Z.gpx,47.693984199999996,-122.0991463,1
2023_05_22T13_15_15.029242Z.gpx,47.6938108,-122.09915579999999,1
2023_04_26T22_50_02.524780Z.gpx,47.9396486,-122.2806689,1
2023_10_15T19_29_02.518648.gpx,24.935875499999998,121.3656463,1
2023_07_05T22_10_34.464158Z.gpx,47.9404943,-122.26281519999999,1
2023_05_18T12_20_50.791741Z.gpx,47.7022149,-122.09347969999999,1
2023_05_04T23_59_45.159275Z.gpx,47.674054899999994,-122.09011129999999,1
2023_07_11T22_30_01.939942Z.gpx,47.786262,-122.1984993,1
2023_10_15T17_22_10.911646.gpx,30.0540013,-90.3698696,1
2023_10_15T02_53_03.982992Z.gpx,38.634234864715324,-121.3829676630823,1
2023_06_13T15_01_56.030108Z.gpx,47.6928263,-122.10657169999999,1
2023_06_01T14_06_03.971170Z.gpx,47.6937402,-122.097099,1
2023_05_31T13_23_52.655849Z.gpx,47.7861839,-122.19700859999999,1
2023_05_22T22_35_36.816350Z.gpx,47.771113799999995,-122.19019019999999,1
2023_10_15T17_32_08.521149.gpx,25.0479667,121.5442678,1
2023_10_15T19_00_35.330208Z.gpx,40.397909225515996,-74.22614075633523,1
2023_07_08T00_19_23.689135Z.gpx,47.8767206,-122.2406414,1
2023_05_30T21_45_05.635810Z.gpx,47.851134099999996,-122.2573604,1
2023_10_15T20_29_24.735572.gpx,24.974727599999998,121.53480929999999,1
2023_10_15T14_33_26.344421.gpx,51.6304679,-0.7543905,1
2023_05_06T21_45_42.206635Z.gpx,47.6652968,-122.03021349999999,1
2023_05_22T13_26_49.735654Z.gpx,47.7113516,-122.1475512,1
2023_03_29T14_07_29.122429Z.gpx,47.7729028,-122.19027059999999,1
2023_04_11T22_37_44.674691Z.gpx,47.867587199999996,-122.2455179,1
2023_10_15T18_23_37.326981Z.gpx,41.05554462730904,-75.09200344891597,1
2023_06_08T21_27_38.788384Z.gpx,47.936941,-122.26454369999999,1
2023_10_15T08_35_48.968132.gpx,24.6795804,120.8690273,1
2023_10_15T19_04_39.884783Z.gpx,38.75938957268896,-121.29795979384839,1
2023_07_21T15_44_35.000567Z.gpx,47.7116441,-122.1581126,1
2023_10_15T19_02_42.272239Z.gpx,22.8550269,120.29007519999999,1
2023_05_27T22_53_58.476621Z.gpx,47.636680299999995,-122.1928025,1
2023_03_31T13_57_27.088699Z.gpx,47.815412699999996,-122.2338932,1
2023_10_15T18_44_07.331207.gpx,37.2906361,-122.02829659999999,1
2023_07_14T22_42_04.587766Z.gpx,47.7779295,-122.1923133,1
2023_06_07T20_01_15.099883Z.gpx,47.930220399999996,-122.25401439999999,1
2023_05_29T04_23_01.120739Z.gpx,47.76101,-122.1845496,1
2023_04_19T22_36_00.884472Z.gpx,47.8926245,-122.2205206,1
2023_06_20T13_53_43.781744Z.gpx,47.7900742,-122.20443259999999,1
2023_05_20T23_03_04.065471Z.gpx,48.037940899999995,-122.178636,1
2023_10_15T17_03_46.921406.gpx,30.144449299999998,-90.7624077,1
2023_04_12T22_48_31.138913Z.gpx,47.7384924,-122.18763969999999,1
2023_06_21T15_07_06.259048Z.gpx,47.7039938,-122.12899639999999,1
2023_10_15T19_12_36.427233.gpx,25.0458733,121.5024626,1
2023_10_15T08_15_05.379977.gpx,24.4775518,120.6920468,1
2023_03_26T02_00_09.224794Z.gpx,47.6939606,-122.0991839,1
2023_10_15T18_32_59.098373Z.gpx,38.788465195056204,-121.2911732935637,1
2023_10_15T16_29_46.421829Z.gpx,22.9777031,120.24806819999999,1
2023_05_04T13_39_51.032768Z.gpx,47.710834399999996,-122.1318654,1
2023_07_24T14_14_30.725056Z.gpx,47.807448199999996,-122.2276878,1
2023_05_05T13_54_15.028227Z.gpx,47.8162291,-122.2357533,1
2023_07_17T15_10_56.367878Z.gpx,47.7933239,-122.21092879999999,1
2023_10_15T14_45_14.741892.gpx,22.6610142,120.3092171,1
2023_10_15T18_36_20.727792.gpx,25.0403311,121.5454666,1
2023_05_10T11_54_53.474748Z.gpx,47.4939423,-122.1922798,1
2023_05_03T13_41_38.023684Z.gpx,47.6939631,-122.0990827,1
2023_07_20T14_38_30.183825Z.gpx,47.8521545,-122.2562571,1
2023_06_27T22_23_52.463487Z.gpx,47.717684299999995,-122.1873256,1
2023_10_15T20_10_53.943432.gpx,24.9542388,121.32492549999999,1
2023_03_24T14_08_13.982650Z.gpx,47.7065185,-122.1318443,1
2023_04_19T14_32_32.145571Z.gpx,47.7462826,-122.1868432,1
2023_03_29T13_56_41.961745Z.gpx,47.7112433,-122.1361927,1
2023_06_02T16_15_47.730985Z.gpx,47.711492,-122.1639299,1
2023_06_07T23_19_09.379640Z.gpx,47.693888,-122.099094,1
2023_10_15T17_32_31.513454.gpx,29.951299199999998,-90.3196636,1
2023_05_03T13_52_18.767242Z.gpx,47.7108457,-122.13186959999999,1
2023_10_15T16_44_48.711161.gpx,30.368618599999998,-91.0477552,1
2023_06_27T00_17_09.280355Z.gpx,47.8768205,-122.24044099999999,1
2023_04_11T22_47_44.647246Z.gpx,47.744053199999996,-122.18726249999999,1
2023_07_21T01_54_02.693174Z.gpx,47.836530499999995,-122.2732693,1
2023_03_28T14_19_17.427783Z.gpx,47.710887799999995,-122.131875,1
2023_10_15T14_32_04.524122.gpx,24.754485499999998,120.95574649999999,1
2023_06_21T22_36_14.765209Z.gpx,47.7568406,-122.1849276,1
2023_07_07T00_15_57.970841Z.gpx,47.8872833,-122.22726089999999,1
2023_05_25T13_40_51.838023Z.gpx,47.7705717,-122.1897911,1
2023_07_13T12_42_53.945491Z.gpx,47.493200699999996,-122.1918175,1
2023_05_20T23_24_32.758230Z.gpx,47.7296921,-122.18898659999999,1
2023_04_11T13_44_09.267016Z.gpx,47.711518899999994,-122.16474989999999,1
2023_05_11T22_27_25.058394Z.gpx,47.932165399999995,-122.26078539999999,1
2023_05_08T13_15_26.511144Z.gpx,47.693953799999996,-122.09909069999999,1
2023_10_15T17_31_56.183139Z.gpx,41.67279337933099,-72.88605738340794,1
2023_10_15T19_02_01.725363.gpx,25.04072,121.54608619999999,1
2023_10_15T19_26_23.807400.gpx,37.3240926,-122.0335891,1
2023_07_07T00_05_25.696125Z.gpx,47.940442399999995,-122.26295429999999,1
2023_04_01T01_04_36.323270Z.gpx,47.703052899999996,-122.0932735,1
2023_07_22T00_25_28.739046Z.gpx,47.9405341,-122.2625937,1
2023_07_25T02_28_36.283624Z.gpx,47.589975599999995,-122.25142079999999,1
2023_06_27T00_32_34.510489Z.gpx,47.7088591,-122.17498719999999,1
2023_05_24T23_18_17.919915Z.gpx,47.9370012,-122.26710539999999,1
2023_04_17T13_57_13.740489Z.gpx,47.711262999999995,-122.13619059999999,1
2023_07_13T22_51_39.554314Z.gpx,47.8926946,-122.22036539999999,1
1970_01_01T00_00_45.884003Z.gpx,22.6252815,120.2745133,1
2023_10_15T18_39_02.421789.gpx,25.0406129,121.5451954,1
2023_10_15T01_36_29.994264Z.gpx,38.76892240607462,-121.26641203561203,1
2023_05_15T18_53_32.228872Z.gpx,47.711528,-122.1560512,1
2023_05_09T15_02_22.491038Z.gpx,47.883584,-122.23116329999999,1
2023_10_15T17_29_57.009859.gpx,29.9795634,-90.3342304,1
2023_10_15T19_28_08.272272Z.gpx,38.753116394317054,-121.2797321894291,1
2023_10_15T20_29_27.802682Z.gpx,40.37381930280643,-74.307099011579,1
2023_10_15T18_04_37.304196Z.gpx,41.54321900417798,-72.97346406308785,1
2023_10_15T20_08_52.846238Z.gpx,26.233543600261537,-80.2967871614765,1
2023_10_15T09_53_41.358374.gpx,24.684902299999997,120.8694285,1
2023_05_20T22_43_04.050995Z.gpx,48.3238874,-122.3294887,1
2023_10_15T16_29_58.524340Z.gpx,41.55509211549263,-72.96129912854346,1
2023_06_25T03_47_07.076933Z.gpx,47.664445,-122.02737529999999,1
2023_10_15T16_36_40.918779.gpx,30.434677699999998,-91.17709649999999,1
2023_04_02T20_09_21.719329Z.gpx,47.5905024,-122.3035094,1
2023_10_15T15_09_48.993075Z.gpx,40.46549448356368,-74.31408526443434,1
2023_04_02T19_46_51.173438Z.gpx,47.6760042,-122.1066987,1
2023_07_07T14_16_31.574418Z.gpx,47.6953876,-122.09328509999999,1
2023_10_15T17_18_26.870457.gpx,25.043267699999998,121.5089368,1
2023_03_24T22_01_22.796875Z.gpx,47.904722899999996,-122.2097812,1
2023_10_15T15_27_19.006977.gpx,24.978377599999998,121.5087313,1
2023_05_20T17_27_35.517181Z.gpx,47.992363499999996,-122.1806273,1
2023_10_15T19_18_21.629297.gpx,40.273342899999996,-111.6852127,1
2023_05_23T13_16_35.408924Z.gpx,47.6938757,-122.09912299999999,1
2023_10_15T08_05_05.374666.gpx,24.337118099999998,120.6435223,1
2023_07_16T18_10_15.325118Z.gpx,47.6938187,-122.09923099999999,1
2023_10_15T18_59_08.326474Z.gpx,40.394910539698806,-74.22285428338947,1
2023_05_10T20_57_26.935933Z.gpx,47.881022699999995,-122.23520859999999,1
2023_04_26T15_38_15.852285Z.gpx,47.8431557,-122.2589167,1
2023_07_20T14_17_56.136974Z.gpx,47.693146,-122.1104266,1
2023_06_15T13_31_20.603777Z.gpx,47.7024292,-122.09357899999999,1
2023_07_25T15_43_37.891490Z.gpx,47.6784828,-122.1046372,1
2023_10_15T16_43_17.256496.gpx,25.041207,121.5103527,1
2023_05_04T13_50_49.535515Z.gpx,47.7894471,-122.203294,1
2023_07_21T15_54_35.097966Z.gpx,47.8102739,-122.2291346,1
2023_04_03T22_55_24.276165Z.gpx,47.9085606,-122.2248747,1
2023_04_10T22_39_09.002401Z.gpx,47.758104599999996,-122.1844505,1
2023_07_20T02_00_13.302270Z.gpx,47.9403375,-122.26479049999999,1
2023_10_15T08_25_05.698408.gpx,24.6057442,120.79434339999999,1
2023_07_22T01_30_05.782279Z.gpx,47.693873499999995,-122.0993324,1
2023_07_19T15_01_57.058390Z.gpx,47.8739783,-122.2430292,1
2023_06_27T14_05_56.973346Z.gpx,47.8121027,-122.2301079,1
2023_10_15T18_59_28.125961.gpx,25.0401287,121.54554549999999,1
2023_05_28T00_49_28.108918Z.gpx,47.7121432,-122.1792242,1
2023_05_26T01_15_36.537180Z.gpx,47.6726356,-122.0912599,1
2023_03_24T13_56_35.143678Z.gpx,47.693916599999994,-122.099103,1
2023_10_15T00_57_13.736479Z.gpx,38.78351780455351,-121.28653171194506,1
2023_07_08T18_51_21.987532Z.gpx,47.694155099999996,-122.0993572,1
2023_06_27T22_03_52.425469Z.gpx,47.9234559,-122.2398734,1
2023_10_15T16_56_34.176363Z.gpx,41.07417076190151,-75.11251578188111,1
2023_10_15T07_57_18.424708.gpx,24.2960639,120.5911206,1
2023_06_09T15_28_00.427267Z.gpx,47.7771999,-122.19156419999999,1
2023_10_15T17_18_22.144581Z.gpx,41.6342136423954,-72.87359881810688,1
2023_05_20T22_33_04.023250Z.gpx,48.461795599999995,-122.34167749999999,1
2023_10_15T17_24_29.825089.gpx,25.0456807,121.5194679,1
2023_10_15T16_03_42.195975.gpx,30.5466612,-91.7480387,1
2023_05_04T22_51_35.994521Z.gpx,47.7498587,-122.187243,1
2023_10_15T15_16_34.499843.gpx,30.8303503,-92.22685829999999,1
2023_04_18T13_44_55.852569Z.gpx,47.797453499999996,-122.21900799999999,1
2023_10_15T14_39_42.105498Z.gpx,23.2568834,120.2088928,1
2023_06_14T22_16_25.524395Z.gpx,47.9369132,-122.26775889999999,1
2023_07_14T22_57_47.290114Z.gpx,47.7829244,-122.1480363,1
2023_04_25T22_35_17.647303Z.gpx,47.8935877,-122.2193133,1
2023_07_25T02_16_54.835332Z.gpx,47.6318627,-122.17886619999999,1
2023_06_26T19_59_34.511358Z.gpx,47.9486315,-122.3051825,1
2023_06_02T23_15_25.137393Z.gpx,47.8749761,-122.27631919999999,1
2023_10_15T17_06_29.062144Z.gpx,40.41875174483342,-74.18284020724494,1
2023_10_15T14_38_50.632998.gpx,24.7216316,120.8990285,1
2023_04_04T01_08_36.514947Z.gpx,47.6939425,-122.09909689999999,1
2023_10_15T17_28_04.182715Z.gpx,22.630820399999998,120.29978849999999,1
2023_10_15T14_35_12.787822Z.gpx,25.08245031480454,121.49626535448465,1
2023_03_22T14_32_36.397629Z.gpx,47.7581687,-122.18411929999999,1
2023_06_07T20_11_43.859637Z.gpx,47.862119899999996,-122.2483268,1
2023_10_15T16_32_04.769375Z.gpx,26.103897689683777,-80.2014466768302,1
2023_03_29T22_11_19.996925Z.gpx,47.9378581,-122.27170749999999,1
2023_07_21T01_43_19.672524Z.gpx,47.8378424,-122.33375129999999,1
2023_07_06T15_20_53.944686Z.gpx,47.7330951,-122.1880147,1
2023_05_20T16_54_15.633290Z.gpx,47.7046521,-122.1317318,1
2023_10_15T19_17_37.517793.gpx,25.0241151,121.46915039999999,1
2023_07_25T17_54_39.514943Z.gpx,46.9406521,-119.99938879999999,1
2023_04_12T22_38_31.181407Z.gpx,47.8568753,-122.2528126,1
2023_10_15T15_58_42.197970.gpx,30.5487516,-91.8394577,1
2023_07_08T00_40_17.565942Z.gpx,47.711696499999995,-122.1849902,1
2023_05_03T23_25_06.412951Z.gpx,47.9391039,-122.2814509,1
2023_05_12T14_02_59.612116Z.gpx,47.791519199999996,-122.2073444,1
2023_10_15T16_08_42.204243.gpx,30.5569824,-91.6439376,1
2023_06_12T13_56_12.479114Z.gpx,47.7116395,-122.1568763,1
2023_04_10T22_29_09.000547Z.gpx,47.8704754,-122.24483479999999,1
2023_04_04T01_56_16.644752Z.gpx,47.6633079,-122.0273029,1
2023_07_21T01_08_28.436950Z.gpx,47.940799299999995,-122.26674159999999,1
2023_10_15T19_47_38.334776.gpx,25.041766199999998,121.3039031,1
2023_10_15T12_01_07.253372.gpx,24.732142399999997,120.9157504,1
2023_10_15T08_39_48.177767.gpx,24.6856391,120.8791497,1
2023_04_18T22_41_55.447857Z.gpx,47.939428299999996,-122.281976,1
2023_05_24T13_54_49.429140Z.gpx,47.692572299999995,-122.0931248,1
2023_04_25T22_24_45.916404Z.gpx,47.939777,-122.28076759999999,1
2023_10_15T14_32_58.600083.gpx,24.7556056,120.9564795,1
2023_04_18T13_22_57.587823Z.gpx,47.6940356,-122.09924439999999,1
2023_06_12T13_44_12.372005Z.gpx,47.6927867,-122.0932247,1
2023_06_14T22_28_32.614466Z.gpx,47.8772424,-122.2399117,1
2023_10_15T08_10_05.385105.gpx,24.408729899999997,120.67246259999999,1
2023_10_15T16_06_12.199466.gpx,30.553772499999997,-91.6999051,1
2023_10_15T17_34_38.921192.gpx,25.040506,121.5455542,1
2023_05_16T19_31_07.585016Z.gpx,47.653796199999995,-122.1872866,1
2023_03_30T11_30_02.210834Z.gpx,47.6319112,-122.1790972,1
2023_10_15T19_29_08.572865Z.gpx,38.75643392746261,-121.2740335165073,1
2023_07_15T21_12_36.497085Z.gpx,47.7111567,-122.1789347,1
2023_04_04T13_19_54.902700Z.gpx,47.7113448,-122.14543259999999,1
2023_07_23T05_51_26.659553Z.gpx,47.7811406,-122.13609749999999,1
2023_05_03T23_55_52.367449Z.gpx,47.806909399999995,-122.2285194,1
2023_04_10T13_39_35.252659Z.gpx,47.7023963,-122.09350549999999,1
2023_05_03T23_35_52.370455Z.gpx,47.9104015,-122.2105912,1
2023_10_15T16_18_58.527034.gpx,24.9344824,121.36919689999999,1
2023_05_15T19_03_32.223632Z.gpx,47.809470399999995,-122.22872629999999,1
2023_07_20T02_11_57.292607Z.gpx,47.8642324,-122.2466434,1
2023_03_30T12_10_40.979046Z.gpx,47.6262512,-122.18850809999999,1
2023_10_15T14_39_32.104770Z.gpx,25.069624241364366,121.50924081026062,1
2023_10_15T16_17_11.511524.gpx,24.934731,121.3697983,1
2023_05_03T14_02_30.192182Z.gpx,47.7884707,-122.2012748,1
2023_10_15T19_40_08.016269.gpx,25.0648585,121.4205179,1
2023_06_29T00_14_35.350247Z.gpx,47.9045876,-122.2078533,1
2023_05_11T22_48_18.427257Z.gpx,47.748171799999994,-122.1871616,1
2023_07_08T19_22_47.637218Z.gpx,47.601957299999995,-122.1832591,1
2023_06_17T20_15_28.437855Z.gpx,47.7123762,-122.18673539999999,1
2023_10_15T18_01_11.185143Z.gpx,41.540203213481824,-72.96970029447941,1
2023_04_10T22_18_04.242897Z.gpx,47.9370887,-122.2681602,1
2023_06_10T22_41_51.002523Z.gpx,47.6939462,-122.0991475,1
2023_05_12T13_41_48.403982Z.gpx,47.6940229,-122.09906079999999,1
2023_04_05T14_45_15.691143Z.gpx,47.7113568,-122.14537689999999,1
2023_07_21T02_04_51.267670Z.gpx,47.7392912,-122.1874229,1
2023_07_16T18_31_42.744920Z.gpx,47.679443899999995,-122.19389109999999,1
2023_06_08T22_37_00.206175Z.gpx,47.6215896,-122.1686704,1
2023_10_15T13_56_14.028436Z.gpx,37.7450818788072,-122.3853071879664,1
2023_07_25T02_41_16.211071Z.gpx,47.5047435,-122.279406,1
2023_05_24T00_13_55.700294Z.gpx,47.7978392,-122.2204632,1
2023_04_25T22_45_17.675687Z.gpx,47.7825862,-122.19530879999999,1
2023_10_15T16_09_52.019308Z.gpx,41.583168447503134,-73.07471604823587,1
2023_05_09T14_28_25.369970Z.gpx,47.694008,-122.09900599999999,1
2023_10_15T18_34_00.803336Z.gpx,22.6291728,120.2956085,1
2023_07_17T02_53_29.412530Z.gpx,47.6743599,-122.2043279,1
2023_05_25T22_43_53.288410Z.gpx,47.7113988,-122.16324329999999,1
2023_07_11T22_09_53.287587Z.gpx,47.940501999999995,-122.26288539999999,1
2023_10_15T01_01_18.397082Z.gpx,38.77256595854041,-121.27313879947071,1
2023_07_04T22_27_27.827358Z.gpx,47.693956799999995,-122.0991473,1
2023_07_06T15_30_53.927739Z.gpx,47.8615095,-122.2481864,1
2023_10_15T19_41_08.623349.gpx,37.2906921,-122.02827579999999,1
2023_10_15T16_43_03.530486Z.gpx,41.63098348285003,-72.87327043301144,1
2023_10_15T18_25_01.327612.gpx,25.0404974,121.5455398,1
2023_06_04T01_39_57.468789Z.gpx,47.8737286,-122.2790211,1
2023_05_11T13_10_04.131569Z.gpx,47.693889999999996,-122.09910459999999,1
2023_06_01T23_59_29.921300Z.gpx,47.774049399999996,-122.19080009999999,1
2023_10_15T14_59_08.811766.gpx,24.6775484,120.86549199999999,1
2023_06_09T21_57_41.724791Z.gpx,47.769442,-122.1898049,1
2023_05_10T11_34_20.952934Z.gpx,47.693971499999996,-122.09956389999999,1
2023_10_15T16_33_43.264069.gpx,24.927268899999998,121.3680457,1
2023_10_15T19_24_38.572810.gpx,40.311927,-111.69641349999999,1
2023_10_15T15_22_59.918950Z.gpx,40.439378371878696,-74.2253964586123,1
2023_05_18T21_27_55.915210Z.gpx,47.738478799999996,-122.18753679999999,1
2023_05_16T00_59_59.470868Z.gpx,47.672913099999995,-122.1212022,1
2023_10_15T16_55_55.716057.gpx,30.192482,-90.92101679999999,1
2023_06_08T13_09_34.104587Z.gpx,47.704119899999995,-122.1317892,1
2023_05_20T22_23_04.055591Z.gpx,48.5963536,-122.34423199999999,1
2023_10_15T18_50_30.325377.gpx,25.039910499999998,121.54540019999999,1
2023_10_15T16_15_08.387733Z.gpx,26.21726853007532,-80.2741331092674,1
2023_10_15T19_27_08.212922.gpx,24.9374188,121.3623815,1
2023_10_15T15_33_55.730365.gpx,24.9596408,121.427415,1
2023_10_15T18_42_22.750592Z.gpx,22.6296569,120.32476949999999,1
2023_04_18T00_27_27.710461Z.gpx,47.898646199999995,-122.2156057,1
2023_05_27T22_31_13.367090Z.gpx,47.6100351,-122.3433092,1
2023_05_12T19_46_59.862679Z.gpx,47.460447099999996,-122.297332,1
2023_10_15T18_01_29.165002Z.gpx,38.87540053854027,-121.30355720393801,1
2023_05_04T22_41_35.999669Z.gpx,47.857829599999995,-122.2519705,1
2023_05_16T19_00_21.446493Z.gpx,47.9369474,-122.2660756,1
2023_05_04T22_29_46.429568Z.gpx,47.9370313,-122.2680912,1
2023_10_15T15_21_34.488304.gpx,30.7548425,-92.1599799,1
2023_07_10T14_49_24.770772Z.gpx,47.704061599999996,-122.1317385,1
2023_07_14T15_16_53.208453Z.gpx,47.832886099999996,-122.26143929999999,1
2023_03_28T14_07_56.735956Z.gpx,47.6939557,-122.0990992,1
2023_05_12T03_18_14.475801Z.gpx,47.693978699999995,-122.09916969999999,1
2023_10_15T19_22_41.021770.gpx,25.013710999999997,121.4615099,1
2023_10_15T15_59_01.882530.gpx,24.934231099999998,121.3695415,1
2023_07_14T23_09_38.746811Z.gpx,47.754476,-122.16687549999999,1
2023_10_15T19_04_38.336299.gpx,25.0438139,121.5462087,1
2023_04_16T01_39_28.015278Z.gpx,47.6669043,-122.1659847,1
2023_10_15T19_52_38.341437.gpx,25.0370408,121.2307529,1
2023_04_10T22_49_31.700685Z.gpx,47.702399799999995,-122.13206029999999,1
2023_06_15T13_41_40.762709Z.gpx,47.7110238,-122.1686616,1
2023_05_29T01_05_05.574087Z.gpx,47.6939232,-122.09911869999999,1
2023_04_25T15_06_32.843673Z.gpx,47.677925599999995,-122.12065729999999,1
2023_07_18T23_35_40.914873Z.gpx,47.940487,-122.26250499999999,1
2023_05_10T12_35_55.822836Z.gpx,47.4438743,-122.2981897,1
2023_10_15T15_26_03.955278Z.gpx,23.1036079,120.29473519999999,1
2023_10_15T14_43_51.941193.gpx,24.6755492,120.84771889999999,1
2023_03_22T22_14_58.645623Z.gpx,47.8784771,-122.2384058,1
2023_05_07T22_15_39.182618Z.gpx,47.693945799999995,-122.0991157,1
2023_04_06T02_13_17.338393Z.gpx,47.882442999999995,-122.2334722,1
2023_07_13T13_17_18.608615Z.gpx,47.697791599999995,-122.13079769999999,1
2023_05_17T21_46_05.154489Z.gpx,47.9086539,-122.2246103,1
2023_07_09T20_30_29.216217Z.gpx,47.6636199,-122.0276052,1
2023_07_13T11_55_46.449608Z.gpx,47.4657297,-122.2780418,1
2023_06_20T22_29_45.607061Z.gpx,47.7114179,-122.1627463,1
2023_03_27T13_34_38.736770Z.gpx,47.7109546,-122.13183889999999,1
2023_10_15T17_16_49.117464.gpx,30.097921499999998,-90.4744867,1
2023_05_26T20_33_24.874175Z.gpx,47.9310069,-122.26085909999999,1
2023_03_30T23_16_44.005291Z.gpx,47.9390285,-122.2812957,1
2023_04_14T23_06_07.366861Z.gpx,47.7154813,-122.1832183,1
2023_04_18T22_52_59.119025Z.gpx,47.9040089,-122.2132582,1
2023_10_15T14_30_26.686089.gpx,24.7559231,120.9529637,1
2023_10_15T16_21_36.418230Z.gpx,41.545447747234384,-72.97966439777115,1
2023_10_15T16_23_52.314836.gpx,30.5115396,-91.34367809999999,1
2023_05_18T21_06_04.437259Z.gpx,47.932261,-122.26085259999999,1
2023_10_15T17_19_32.011125.gpx,30.0810408,-90.4158843,1
2023_10_15T14_36_02.626637.gpx,51.631972399999995,-0.7615451999999999,1
2023_07_25T02_06_08.665629Z.gpx,47.6938867,-122.0991076,1
2023_07_09T03_14_37.559639Z.gpx,47.69374,-122.0994951,1
2023_04_21T00_25_07.810394Z.gpx,47.5515918,-122.3189031,1
2023_06_17T19_42_37.850569Z.gpx,47.692815499999995,-122.11098729999999,1
2023_10_15T17_13_57.990868Z.gpx,40.40508463356115,-74.20888798845642,1
2023_05_05T23_10_36.642301Z.gpx,47.9385082,-122.2813808,1
2023_10_15T08_42_02.196661.gpx,24.6871078,120.87306989999999,1
2023_05_20T18_21_16.078033Z.gpx,48.7402959,-122.4673825,1
2023_07_11T22_20_01.958118Z.gpx,47.8931237,-122.21992619999999,1
2023_10_15T17_37_09.834864.gpx,25.041169399999998,121.54552179999999,1
2023_10_15T16_16_16.911834.gpx,30.553049599999998,-91.48964439999999,1
2023_07_13T13_27_18.568053Z.gpx,47.7788888,-122.19234669999999,1
2023_04_26T23_20_30.257740Z.gpx,47.7623519,-122.1853208,1
2023_04_16T20_16_04.223914Z.gpx,47.673959499999995,-122.089901,1
2023_05_07T22_27_59.242159Z.gpx,47.6702004,-122.10911349999999,1
2023_10_15T16_19_37.823946.gpx,24.9349895,121.3706476,1
2023_10_15T15_26_34.495471.gpx,30.689234799999998,-92.0796768,1
2023_10_15T16_21_00.234212.gpx,24.9348811,121.3706892,1
2023_10_15T19_25_13.424507.gpx,25.014032699999998,121.4613991,1
2023_10_15T16_19_34.801208.gpx,40.1487051,-74.2752814,1
2023_04_24T14_18_50.031554Z.gpx,47.834670599999995,-122.2610076,1
2023_05_30T14_36_18.515364Z.gpx,47.7114493,-122.15343949999999,1
2023_10_15T20_08_15.974653.gpx,24.9761645,121.2917355,1
2023_10_15T19_27_44.416620.gpx,25.013129799999998,121.4605418,1
2023_06_01T23_39_06.805349Z.gpx,47.938924,-122.27213809999999,1
2023_07_21T15_34_03.802516Z.gpx,47.692813699999995,-122.10256539999999,1
2023_10_15T18_47_46.721239.gpx,25.0403427,121.5453507,1
2023_10_15T15_46_57.751327Z.gpx,23.024568,120.25408949999999,1
2023_10_15T08_22_35.494372.gpx,24.5778805,120.7636414,1
2023_03_30T23_27_28.887267Z.gpx,47.897372,-122.2161124,1
2023_06_12T21_50_27.860534Z.gpx,47.9300372,-122.2607883,1
2023_04_07T20_40_44.479750Z.gpx,47.6722495,-122.117069,1
2023_05_24T23_30_59.267683Z.gpx,47.858484399999995,-122.2515308,1
2023_06_21T22_26_14.779891Z.gpx,47.8779441,-122.2391478,1
2023_05_24T14_06_47.695478Z.gpx,47.711533599999996,-122.1615198,1
2023_10_15T10_14_57.413060.gpx,24.722313399999997,120.8996925,1
2023_04_27T13_44_19.735612Z.gpx,47.778096999999995,-122.19195669999999,1
2023_05_16T20_33_52.630902Z.gpx,47.5235874,-122.1980119,1
2023_05_16T19_21_07.552798Z.gpx,47.778287299999995,-122.19260299999999,1
